City_ID,City,Country,Date,Lat,Lng,Max Temp,Humidity,Cloudiness,Wind Speed
0,East London,ZA,2021-10-23 01:31:39,-33.0153,27.9116,62.4,74,49,6.8
1,Saint-Augustin,CA,2021-10-23 01:33:09,51.226,-58.6502,43.39,68,100,10.27
2,Yangambi,CD,2021-10-23 01:33:09,0.8102,24.4336,66.99,93,90,0.94
3,Kudahuvadhoo,MV,2021-10-23 01:33:10,2.6708,72.8944,82.31,71,28,11.95
4,Hermanus,ZA,2021-10-23 01:33:10,-34.4187,19.2345,58.8,88,100,23.55
5,Salalah,OM,2021-10-23 01:33:11,17.0151,54.0924,73.49,83,0,4.61
6,Bambous Virieux,MU,2021-10-23 01:33:11,-20.3428,57.7575,73.22,94,75,6.91
7,San Cristobal,VE,2021-10-23 01:33:12,7.7669,-72.225,68.18,95,24,1.7
8,Ushuaia,AR,2021-10-23 01:29:00,-54.8,-68.3,40.66,75,75,12.66
9,Chuy,UY,2021-10-23 01:32:03,-33.6971,-53.4616,57.79,71,100,5.17
10,Abu Dhabi,AE,2021-10-23 01:29:19,24.4667,54.3667,85.1,61,0,7.61
11,Gamba,GA,2021-10-23 01:33:12,-2.65,10.0,76.35,88,100,5.79
12,Cape Town,ZA,2021-10-23 01:31:31,-33.9258,18.4232,58.08,88,75,5.99
13,Namanyere,TZ,2021-10-23 01:33:13,-7.5167,31.05,66.67,58,71,2.17
14,Borgo San Lorenzo,IT,2021-10-23 01:33:13,43.9553,11.3835,58.41,93,20,4.47
15,Comodoro Rivadavia,AR,2021-10-23 01:29:41,-45.8667,-67.5,57.06,30,20,34.52
16,Vite,IN,2021-10-23 01:33:14,17.2833,74.55,72.77,62,74,3.96
17,Wilmington,US,2021-10-23 01:29:56,34.2257,-77.9447,74.86,82,1,8.05
18,Matongo,TZ,2021-10-23 01:33:14,-2.3833,34.0833,67.87,73,26,3.13
19,Vardo,NO,2021-10-23 01:33:15,70.3705,31.1107,35.06,60,100,20.42
20,Souillac,MU,2021-10-23 01:33:15,-20.5167,57.5167,73.36,94,75,6.91
21,Fulton,US,2021-10-23 01:33:15,33.7668,-84.4499,63.01,80,1,4.61
22,Busselton,AU,2021-10-23 01:33:16,-33.65,115.3333,64.04,55,0,4.85
23,Dikson,RU,2021-10-23 01:31:41,73.5069,80.5464,13.87,88,100,17.9
24,Saint-Philippe,RE,2021-10-23 01:33:16,-21.3585,55.7679,72.95,82,35,7.54
25,Zhezkazgan,KZ,2021-10-23 01:33:17,47.8043,67.7144,39.38,70,85,17.36
26,Ribeira Grande,PT,2021-10-23 01:32:12,38.5167,-28.7,68.76,87,13,10.33
27,Fort Abbas,PK,2021-10-23 01:33:17,29.1925,72.8536,76.68,63,0,16.73
28,Georgetown,MY,2021-10-23 01:30:13,5.4112,100.3354,82.33,83,20,1.01
29,Clyde River,CA,2021-10-23 01:32:20,70.4692,-68.5914,21.63,76,100,6.42
30,Tokmak,UA,2021-10-23 01:33:18,47.2514,35.7058,51.33,86,68,7.07
31,Mantua,IT,2021-10-23 01:33:18,45.1667,10.7833,56.82,90,0,1.21
32,Port Alfred,ZA,2021-10-23 01:32:10,-33.5906,26.891,61.32,84,3,9.8
33,Dhankuta,NP,2021-10-23 01:33:18,26.9833,87.3333,62.37,90,98,0.58
34,Keflavik,IS,2021-10-23 01:33:19,64.0049,-22.5624,47.86,100,90,14.97
35,Marsh Harbour,BS,2021-10-23 01:33:19,26.5412,-77.0636,80.64,69,100,14.07
36,Shimsk,RU,2021-10-23 01:33:20,58.212,30.7127,39.29,87,28,11.5
37,Cidreira,BR,2021-10-23 01:33:20,-30.1811,-50.2056,64.96,87,0,9.6
38,Kruisfontein,ZA,2021-10-23 01:33:20,-34.0033,24.7314,60.22,55,100,8.12
39,Mashhad,IR,2021-10-23 01:28:51,36.297,59.6062,35.74,75,0,0.0
40,Chapais,CA,2021-10-23 01:33:01,49.7834,-74.8492,29.98,81,100,2.68
41,Victoria,HK,2021-10-23 01:30:13,22.2855,114.1577,70.25,76,80,1.99
42,Trelew,AR,2021-10-23 01:30:37,-43.249,-65.3051,56.48,32,12,23.91
43,Saint-Pierre,RE,2021-10-23 01:33:21,-21.3393,55.4781,73.04,78,0,5.75
44,Longyearbyen,SJ,2021-10-23 01:33:22,78.2186,15.6401,17.44,79,20,1.14
45,Lagoa,PT,2021-10-23 01:33:22,39.05,-27.9833,67.55,85,43,13.58
46,Yar-Sale,RU,2021-10-23 01:33:23,66.8333,70.8333,27.14,94,89,8.61
47,Ponta Delgada,PT,2021-10-23 01:33:23,37.7333,-25.6667,70.52,73,75,9.22
48,Gorom-Gorom,BF,2021-10-23 01:33:23,14.4439,-0.2361,88.68,33,95,4.88
49,Saint Anthony,US,2021-10-23 01:30:13,45.0205,-93.218,44.53,69,90,3.44
50,Muros,ES,2021-10-23 01:33:24,42.7762,-9.0603,55.24,90,5,5.1
51,Hambantota,LK,2021-10-23 01:33:24,6.1241,81.1185,75.54,100,20,4.61
52,Nuoro,IT,2021-10-23 01:33:24,40.3211,9.3297,58.26,82,5,2.35
53,Bengkulu,ID,2021-10-23 01:28:51,-3.8004,102.2655,79.02,80,89,1.52
54,Kedrovyy,RU,2021-10-23 01:33:25,56.1667,91.8167,36.01,63,99,12.06
55,Lagunas,PE,2021-10-23 01:33:25,-5.2269,-75.6753,79.95,73,81,2.57
56,Jawhar,SO,2021-10-23 01:33:25,2.7809,45.5005,76.35,84,63,8.81
57,Fonte Boa,BR,2021-10-23 01:33:26,-2.4959,-66.2662,74.75,87,18,0.43
58,Chingirlau,KZ,2021-10-23 01:33:26,51.095,54.0814,46.4,56,7,13.53
59,Butembo,CD,2021-10-23 01:33:26,0.15,29.2833,55.71,97,85,2.48
60,Ancud,CL,2021-10-23 01:31:38,-41.8697,-73.8203,48.42,77,96,9.4
61,Ilulissat,GL,2021-10-23 01:33:27,69.2167,-51.1,19.42,58,98,11.5
62,Punta Arenas,CL,2021-10-23 01:31:20,-53.15,-70.9167,39.31,81,75,35.68
63,Qaanaaq,GL,2021-10-23 01:32:02,77.484,-69.3632,-0.85,65,0,8.3
64,Mar Del Plata,AR,2021-10-23 01:33:28,-38.0023,-57.5575,56.08,89,90,1.99
65,Jamestown,US,2021-10-23 01:29:58,42.097,-79.2353,45.72,87,90,4.61
66,Gravdal,NO,2021-10-23 01:33:28,68.1214,13.5031,38.05,51,99,4.68
67,Los Llanos De Aridane,ES,2021-10-23 01:33:28,28.6585,-17.9182,65.95,79,20,9.22
68,Sept-Iles,CA,2021-10-23 01:33:29,50.2001,-66.3821,48.72,97,90,1.99
69,Usinsk,RU,2021-10-23 01:33:29,65.9939,57.5281,32.09,100,100,3.62
70,Hobyo,SO,2021-10-23 01:33:30,5.3505,48.5268,78.76,79,40,7.92
71,Laguna,US,2021-10-23 01:31:10,38.421,-121.4238,64.76,70,1,3.0
72,Sao Joao Da Barra,BR,2021-10-23 01:32:17,-21.6403,-41.0511,69.15,80,17,6.8
73,Shrigonda,IN,2021-10-23 01:33:30,18.6167,74.6833,72.52,55,87,3.29
74,Shadrinsk,RU,2021-10-23 01:33:31,56.0852,63.6335,47.73,82,85,17.85
75,Touros,BR,2021-10-23 01:33:31,-5.1989,-35.4608,81.5,80,25,10.31
76,Dingle,PH,2021-10-23 01:33:31,10.9995,122.6711,82.92,79,59,11.95
77,Pangnirtung,CA,2021-10-23 01:33:32,66.1451,-65.7125,28.4,69,75,8.05
78,Mahebourg,MU,2021-10-23 01:33:32,-20.4081,57.7,73.26,94,75,6.91
79,Bredasdorp,ZA,2021-10-23 01:33:32,-34.5322,20.0403,58.28,72,100,23.02
80,Camabatela,AO,2021-10-23 01:33:33,-8.1881,15.375,63.09,98,100,2.37
81,Sao Lourenco Do Sul,BR,2021-10-23 01:33:33,-31.3653,-51.9783,59.9,87,5,6.13
82,Nuuk,GL,2021-10-23 01:33:34,64.1835,-51.7216,29.01,54,0,33.38
83,Caravelas,BR,2021-10-23 01:33:34,-17.7125,-39.2481,73.56,85,97,6.11
84,Margate,GB,2021-10-23 01:33:34,51.3813,1.3862,50.31,83,11,7.54
85,Buchanan,LR,2021-10-23 01:33:34,5.8808,-10.0467,76.1,90,100,1.03
86,Inongo,CD,2021-10-23 01:33:35,-1.95,18.2667,71.31,92,99,2.35
87,Koslan,RU,2021-10-23 01:29:05,63.4564,48.8989,37.51,90,100,13.27
88,Inirida,CO,2021-10-23 01:33:35,3.8653,-67.9239,74.34,95,33,3.13
89,Sambava,MG,2021-10-23 01:33:35,-14.2667,50.1667,72.18,92,23,4.23
90,Mahabad,IR,2021-10-23 01:33:36,36.7631,45.7222,46.4,77,0,0.58
91,Fethiye,TR,2021-10-23 01:33:36,36.6217,29.1164,51.67,64,0,2.55
92,Port Elizabeth,ZA,2021-10-23 01:33:37,-33.918,25.5701,57.49,77,0,4.61
93,Sawakin,SD,2021-10-23 01:33:37,19.1059,37.3321,79.54,73,8,6.44
94,Iqaluit,CA,2021-10-23 01:33:37,63.7506,-68.5145,26.33,86,90,15.01
95,Nushki,PK,2021-10-23 01:33:38,29.5542,66.0215,48.69,36,0,1.45
96,Upernavik,GL,2021-10-23 01:32:45,72.7868,-56.1549,21.15,82,100,5.7
97,Kapoeta,SS,2021-10-23 01:33:38,4.7717,33.5903,77.14,63,31,4.61
98,Misratah,LY,2021-10-23 01:33:38,32.3754,15.0925,74.88,58,29,14.38
99,Beloha,MG,2021-10-23 01:33:13,-25.1667,45.05,64.98,81,100,10.98
100,Ostrovnoy,RU,2021-10-23 01:33:08,68.0531,39.5131,34.09,66,100,23.2
101,Lebu,CL,2021-10-23 01:33:39,-37.6167,-73.65,50.67,66,63,16.55
102,Nampula,MZ,2021-10-23 01:33:39,-15.1165,39.2666,66.15,88,0,6.91
103,Bhachau,IN,2021-10-23 01:33:40,23.2833,70.35,75.83,71,0,7.38
104,Lethem,GY,2021-10-23 01:33:40,3.3803,-59.7968,78.03,78,90,7.38
105,Shelburne,CA,2021-10-23 01:30:13,44.0787,-80.2041,40.89,87,100,2.48
106,Tasiilaq,GL,2021-10-23 01:33:40,65.6145,-37.6368,35.76,92,100,11.36
107,Omboue,GA,2021-10-23 01:33:41,-1.5746,9.2618,76.64,87,100,6.69
108,Taraz,KZ,2021-10-23 01:33:41,42.9,71.3667,37.81,81,75,2.24
109,Kanniyakumari,IN,2021-10-23 01:33:42,8.0833,77.5667,81.03,80,100,10.31
110,Moura,PT,2021-10-23 01:33:42,38.1401,-7.4486,53.71,50,0,6.69
111,Doka,SD,2021-10-23 01:33:42,13.5167,35.7667,74.57,50,30,2.21
112,Coquimbo,CL,2021-10-23 01:33:43,-29.9533,-71.3436,55.13,87,0,9.22
113,Saint George,US,2021-10-23 01:32:06,37.1041,-113.5841,73.99,22,1,3.0
114,Jacareacanga,BR,2021-10-23 01:33:43,-6.2222,-57.7528,74.77,93,100,2.89
115,Arraial Do Cabo,BR,2021-10-23 01:33:43,-22.9661,-42.0278,68.65,79,1,12.82
116,Namibe,AO,2021-10-23 01:29:28,-15.1961,12.1522,64.38,71,93,11.54
117,Chalons-En-Champagne,FR,2021-10-23 01:33:44,48.9539,4.3672,47.1,72,100,4.05
118,Havre-Saint-Pierre,CA,2021-10-23 01:33:45,50.2334,-63.5986,50.59,100,90,14.97
119,Stromness,GB,2021-10-23 01:33:45,58.965,-3.296,46.65,83,100,13.0
120,Santa Maria Da Vitoria,BR,2021-10-23 01:33:45,-13.3947,-44.1886,74.39,80,97,0.38
121,Forestville,US,2021-10-23 01:33:45,38.8451,-76.875,61.43,73,1,4.61
122,Kjollefjord,NO,2021-10-23 01:33:46,70.9457,27.3465,33.19,64,100,13.71
123,Henties Bay,NA,2021-10-23 01:33:46,-22.116,14.2845,57.85,86,0,5.5
124,Veraval,IN,2021-10-23 01:33:47,20.9,70.3667,77.97,68,30,8.03
125,Santa Maria,BR,2021-10-23 01:33:47,-29.6842,-53.8069,63.7,88,0,3.44
126,Szczecinek,PL,2021-10-23 01:33:48,53.7079,16.6994,43.61,87,99,17.16
127,Hithadhoo,MV,2021-10-23 01:33:48,-0.6,73.0833,82.18,73,100,11.77
128,Ponta Do Sol,PT,2021-10-23 01:33:49,32.6667,-17.1,68.72,66,34,7.74
129,Rosignano Marittimo,IT,2021-10-23 01:33:49,43.4079,10.4729,61.18,87,99,4.85
130,Barra Patuca,HN,2021-10-23 01:33:49,15.8,-84.2833,80.04,84,67,6.96
131,Dudinka,RU,2021-10-23 01:33:50,69.4058,86.1778,24.26,97,100,10.71
132,Chateaudun,FR,2021-10-23 01:33:50,48.0833,1.3333,49.95,66,79,4.63
133,Bandarbeyla,SO,2021-10-23 01:33:50,9.4942,50.8122,76.5,81,57,3.33
134,Araouane,ML,2021-10-23 01:33:51,18.9048,-3.5265,78.3,22,3,7.47
135,Klaksvik,FO,2021-10-23 01:33:51,62.2266,-6.589,45.52,79,100,26.51
136,Tessalit,ML,2021-10-23 01:33:51,20.1986,1.0114,79.12,23,5,8.19
137,Atbasar,KZ,2021-10-23 01:33:52,51.8,68.3333,39.88,78,100,21.68
138,Morondava,MG,2021-10-23 01:33:52,-20.2833,44.2833,68.67,81,100,6.02
139,Karwar,IN,2021-10-23 01:33:53,14.8,74.1333,77.7,87,100,3.13
140,Cururupu,BR,2021-10-23 01:33:53,-1.8283,-44.8683,75.79,95,82,2.73
141,Pedro Betancourt,CU,2021-10-23 01:33:53,22.7272,-81.29,72.14,92,100,6.29
142,Soke,ML,2021-10-23 01:33:54,13.598,-5.9386,82.92,58,17,5.59
143,Calatayud,ES,2021-10-23 01:33:54,41.3535,-1.6432,59.58,85,0,0.94
144,Mananjary,MG,2021-10-23 01:33:55,-21.2167,48.3333,71.02,88,100,4.85
145,Zverinogolovskoye,RU,2021-10-23 01:33:55,54.4586,64.8542,45.7,76,98,16.37
146,Iranshahr,IR,2021-10-23 01:33:55,27.2025,60.6848,66.04,19,0,2.28
147,Atasu,KZ,2021-10-23 01:33:56,48.6814,71.6433,34.93,96,100,19.55
148,Sao Filipe,CV,2021-10-23 01:33:56,14.8961,-24.4956,80.47,65,0,4.16
149,Hamilton,US,2021-10-23 01:31:59,39.1834,-84.5333,53.76,96,90,1.99
150,Cayenne,GF,2021-10-23 01:30:24,4.9333,-52.3333,78.1,88,90,0.0
151,Sellye,SK,2021-10-23 01:33:56,48.1513,17.8806,48.34,56,86,14.23
152,Gerash,IR,2021-10-23 01:33:57,27.6652,54.1371,60.94,53,0,2.64
153,Melo,UY,2021-10-23 01:33:57,-32.3667,-54.1833,55.98,83,100,6.93
154,Nanortalik,GL,2021-10-23 01:31:58,60.1432,-45.2371,38.77,97,100,10.49
155,Coihaique,CL,2021-10-23 01:33:58,-45.5752,-72.0662,48.15,53,75,6.91
156,Natal,BR,2021-10-23 01:33:59,-5.795,-35.2094,81.25,83,20,9.22
157,Forio,IT,2021-10-23 01:33:59,40.7342,13.8646,68.32,81,22,4.14
158,Paamiut,GL,2021-10-23 01:32:50,61.994,-49.6678,34.86,70,6,20.45
159,Jeremie,HT,2021-10-23 01:34:00,18.65,-74.1167,79.72,81,77,1.99
160,Vila Do Maio,CV,2021-10-23 01:34:01,15.1333,-23.2167,77.79,76,3,10.22
161,Tucuman,AR,2021-10-23 01:34:01,-26.8241,-65.2226,80.6,39,12,4.61
162,Itarema,BR,2021-10-23 01:34:01,-2.9248,-39.9167,79.57,80,70,10.67
163,Izhevskoye,RU,2021-10-23 01:34:02,54.5567,40.8703,43.59,74,91,12.64
164,Sumbe,AO,2021-10-23 01:34:02,-11.2061,13.8437,74.91,82,84,7.56
165,Birao,CF,2021-10-23 01:34:03,10.2849,22.7882,74.93,69,99,2.86
166,Grindavik,IS,2021-10-23 01:32:41,63.8424,-22.4338,47.89,100,90,14.97
167,Carballo,ES,2021-10-23 01:34:03,43.213,-8.691,50.9,93,2,2.62
168,Leshukonskoye,RU,2021-10-23 01:34:03,64.8989,45.7622,27.55,93,100,8.52
169,Kathu,TH,2021-10-23 01:34:04,7.9178,98.3332,83.7,99,64,4.54
170,Chatrapur,IN,2021-10-23 01:34:04,19.35,84.9833,76.82,73,38,5.97
171,Torbay,CA,2021-10-23 01:34:05,47.6666,-52.7314,52.57,85,90,5.75
172,Luderitz,NA,2021-10-23 01:33:17,-26.6481,15.1594,54.84,87,0,7.58
173,Narsaq,GL,2021-10-23 01:34:05,60.9167,-46.05,37.62,99,100,2.39
174,Ritchie,ZA,2021-10-23 01:34:05,-29.038,24.6028,49.21,42,4,3.78
175,Ijui,BR,2021-10-23 01:34:06,-28.3878,-53.9147,69.82,67,5,7.85
176,Aksu,CN,2021-10-23 01:34:06,41.1231,80.2644,50.88,61,100,7.7
177,Urumqi,CN,2021-10-23 01:34:06,43.801,87.6005,34.75,93,90,6.71
178,Morros,BR,2021-10-23 01:34:07,-9.4467,-46.3003,73.29,89,100,0.98
179,Ajdabiya,LY,2021-10-23 01:34:07,30.7554,20.2263,69.76,42,11,10.92
180,Salym,RU,2021-10-23 01:34:07,60.0625,71.4789,39.38,94,100,12.26
181,Capreol,CA,2021-10-23 01:31:28,46.706,-80.9225,39.67,65,90,4.61
182,Salinas,US,2021-10-23 01:29:15,36.6777,-121.6555,63.41,78,75,6.91
183,Bousse,BF,2021-10-23 01:34:08,12.6606,-1.8922,78.37,62,66,7.47
184,Marawi,PH,2021-10-23 01:34:08,7.9986,124.2928,73.65,72,100,2.86
185,Vacaria,BR,2021-10-23 01:30:57,-28.5122,-50.9339,57.72,79,0,6.11
186,Agadez,NE,2021-10-23 01:34:09,19.75,10.25,78.85,18,0,7.61
187,Kushmurun,KZ,2021-10-23 01:34:09,52.4503,64.6311,44.1,67,9,18.92
188,Babati,TZ,2021-10-23 01:34:09,-4.2167,35.75,61.74,76,13,0.85
189,Umm Kaddadah,SD,2021-10-23 01:34:10,13.6017,26.6876,82.76,23,9,18.84
190,Funadhoo,MV,2021-10-23 01:34:10,6.15,73.2667,81.48,76,100,11.81
191,Beira,MZ,2021-10-23 01:34:10,-19.8436,34.8389,68.09,88,0,5.75
192,Goderich,CA,2021-10-23 01:30:13,43.7501,-81.7165,41.92,75,100,5.75
193,Nurota,UZ,2021-10-23 01:34:11,40.5614,65.6886,33.89,47,0,6.38
194,Yarkovo,RU,2021-10-23 01:34:11,57.4028,67.0786,46.04,88,100,15.12
195,Reconquista,AR,2021-10-23 01:34:11,-29.15,-59.65,69.42,53,84,6.33
196,Castro,BR,2021-10-23 01:32:49,-24.7911,-50.0119,55.31,81,0,3.78
197,Kot Addu,PK,2021-10-23 01:34:12,30.4692,70.9671,71.46,31,0,14.65
198,Vestmanna,FO,2021-10-23 01:34:12,62.1564,-7.1664,43.72,93,90,18.41
199,Novita,CO,2021-10-23 01:34:13,4.9551,-76.6053,74.52,98,96,2.51
200,Jalu,LY,2021-10-23 01:34:13,29.0331,21.5482,68.04,43,11,9.44
201,Ludhiana,IN,2021-10-23 01:34:13,30.9,75.85,70.45,51,1,11.21
202,Revda,RU,2021-10-23 01:34:14,56.801,59.9303,49.01,84,100,17.2
203,Hofn,IS,2021-10-23 01:34:14,64.2539,-15.2082,46.98,98,100,16.37
204,Zapresic,HR,2021-10-23 01:34:14,45.8564,15.8078,55.92,84,100,2.3
205,Guane,CU,2021-10-23 01:34:15,22.2025,-84.0875,75.6,83,100,6.08
206,Rocha,UY,2021-10-23 01:34:15,-34.4833,-54.3333,58.87,82,100,4.36
207,Vestmannaeyjar,IS,2021-10-23 01:34:15,63.4427,-20.2734,48.76,97,100,7.09
208,Port-Gentil,GA,2021-10-23 01:34:16,-0.7193,8.7815,78.13,83,100,12.77
209,Scarborough,GB,2021-10-23 01:34:16,54.2797,-0.4044,48.52,88,76,1.99
210,Libourne,FR,2021-10-23 01:34:17,44.9167,-0.25,47.88,66,2,6.38
211,Chopda,IN,2021-10-23 01:34:17,21.25,75.3,71.58,63,4,4.81
212,Jacqueville,CI,2021-10-23 01:34:17,5.2052,-4.4146,78.71,85,93,9.64
213,Doha,QA,2021-10-23 01:29:33,25.2867,51.5333,78.78,59,0,6.91
214,Birjand,IR,2021-10-23 01:34:18,32.8663,59.2211,30.67,19,0,9.22
215,Sechura,PE,2021-10-23 01:34:18,-5.5569,-80.8222,66.94,80,100,13.89
216,Sakakah,SA,2021-10-23 01:34:19,29.9697,40.2064,67.57,36,0,8.32
217,Lumeje,AO,2021-10-23 01:34:19,-11.55,20.7833,66.97,88,55,1.03
218,Mezhdurechenskiy,RU,2021-10-23 01:34:19,59.6,65.9333,46.54,90,100,13.13
219,Bara,NG,2021-10-23 01:34:20,10.3744,10.7288,76.48,74,62,3.67
220,Azuaga,ES,2021-10-23 01:34:20,38.2667,-5.6833,53.96,60,0,5.37
221,Marienburg,PL,2021-10-23 01:34:21,54.0359,19.0266,46.96,80,37,17.85
222,Kryve Ozero,UA,2021-10-23 01:34:21,47.9524,30.3493,51.64,60,86,5.61
223,Adrar,MR,2021-10-23 01:34:21,20.5022,-10.0711,72.23,22,81,7.94
224,Riyadh,SA,2021-10-23 01:30:13,24.6877,46.7219,69.94,34,2,4.61
225,Corinto,GR,2021-10-23 01:34:22,37.9407,22.9573,66.45,81,15,5.19
226,Constitucion,CL,2021-10-23 01:34:22,-35.3333,-72.4167,49.17,84,1,13.13
227,Astana,KZ,2021-10-23 01:34:23,51.1801,71.446,37.35,93,75,22.37
228,Sesheke,ZM,2021-10-23 01:34:23,-17.4759,24.2968,72.32,51,8,3.56
229,Pitimbu,BR,2021-10-23 01:34:24,-7.4706,-34.8086,79.39,78,15,10.69
230,Snezhnogorsk,RU,2021-10-23 01:34:24,69.1933,33.2531,26.38,70,100,10.69
231,Padang,ID,2021-10-23 01:32:17,-0.9492,100.3543,83.35,73,95,0.65
232,Husavik,IS,2021-10-23 01:32:54,66.0449,-17.3389,31.91,93,100,8.97
233,West Bay,KY,2021-10-23 01:34:25,19.3667,-81.4167,84.27,80,20,1.01
234,Luanda,AO,2021-10-23 01:34:25,-8.8368,13.2343,75.42,85,98,9.62
235,Port Blair,IN,2021-10-23 01:34:25,11.6667,92.75,76.08,90,100,9.24
236,Platonovka,RU,2021-10-23 01:34:26,52.7106,41.952,43.72,75,6,9.13
237,Saldanha,ZA,2021-10-23 01:32:52,-33.0117,17.9442,58.46,82,100,22.19
238,Tabou,CI,2021-10-23 01:34:26,4.423,-7.3528,76.35,90,46,6.6
239,Bokoro,TD,2021-10-23 01:34:27,12.3807,17.0568,81.86,56,57,3.6
240,Carnarvon,AU,2021-10-23 01:31:14,-24.8667,113.6333,80.67,29,0,14.97
241,Carutapera,BR,2021-10-23 01:34:27,-1.195,-46.02,77.02,93,94,5.91
242,Pisco,PE,2021-10-23 01:33:08,-13.7,-76.2167,61.02,82,0,16.11
243,Matelandia,BR,2021-10-23 01:34:27,-25.2408,-53.9964,71.96,76,33,5.5
244,Axim,GH,2021-10-23 01:34:28,4.8699,-2.2405,77.49,85,100,6.26
245,Karagaylinskiy,RU,2021-10-23 01:34:28,54.172,86.5521,36.66,58,100,16.62
246,Narasannapeta,IN,2021-10-23 01:34:28,18.4167,84.05,78.1,81,100,5.46
247,Kattivakkam,IN,2021-10-23 01:34:29,13.2167,80.3167,80.69,75,56,5.66
248,Anyama,CI,2021-10-23 01:34:29,5.4946,-4.0518,77.81,92,100,3.4
249,Vila Velha,BR,2021-10-23 01:34:29,-20.3297,-40.2925,69.75,88,20,0.0
250,Balatonlelle,HU,2021-10-23 01:34:30,46.7832,17.695,51.85,62,70,16.13
251,Sheltozero,RU,2021-10-23 01:34:30,61.3667,35.3667,39.16,96,100,14.07
252,Arlit,NE,2021-10-23 01:34:30,18.7369,7.3853,84.45,15,20,10.71
253,Havelock,US,2021-10-23 01:34:31,34.8791,-76.9013,75.18,88,90,3.0
254,Correntina,BR,2021-10-23 01:34:31,-13.3433,-44.6367,72.86,83,72,0.09
255,Zemio,CF,2021-10-23 01:34:31,5.0314,25.1361,68.18,96,100,1.83
256,Santa Rosa,PH,2021-10-23 01:34:32,14.3122,121.1114,90.09,65,90,12.53
257,Korla,CN,2021-10-23 01:34:32,41.7597,86.1469,56.3,26,100,10.78
258,Joao Pinheiro,BR,2021-10-23 01:34:32,-17.7425,-46.1725,69.71,71,2,2.42
259,Praia,CV,2021-10-23 01:29:43,14.9215,-23.5087,77.54,69,20,9.22
260,Moussoro,TD,2021-10-23 01:34:33,13.6408,16.4901,85.5,18,11,10.47
261,Qaqortoq,GL,2021-10-23 01:34:33,60.7167,-46.0333,37.9,98,100,0.94
262,Coari,BR,2021-10-23 01:34:34,-4.085,-63.1414,76.51,80,22,2.21
263,Norton,ZW,2021-10-23 01:34:34,-17.8833,30.7,65.14,55,53,6.55
264,Manacapuru,BR,2021-10-23 01:31:23,-3.2997,-60.6206,77.58,72,34,3.76
265,Nikel,RU,2021-10-23 01:34:35,69.4128,30.222,30.38,87,89,5.61
266,Tromso,NO,2021-10-23 01:34:35,69.6496,18.957,29.37,80,75,1.14
267,Salinopolis,BR,2021-10-23 01:34:35,-0.6136,-47.3561,79.23,87,100,8.77
268,Nkayi,CG,2021-10-23 01:34:36,-4.1841,13.2884,74.01,95,100,2.73
269,Oranjemund,NA,2021-10-23 01:34:36,-28.55,16.4333,56.82,81,0,16.64
270,Colares,PT,2021-10-23 01:30:20,38.7992,-9.4469,63.34,60,6,8.99
271,Wagar,SD,2021-10-23 01:34:37,16.1525,36.2032,78.66,53,8,9.8
272,Antofagasta,CL,2021-10-23 01:33:18,-23.65,-70.4,58.28,77,44,6.08
273,Staryy Nadym,RU,2021-10-23 01:34:37,65.6118,72.6842,27.82,92,83,11.74
274,Pala,TD,2021-10-23 01:34:37,9.3642,14.9046,72.37,87,30,4.18
275,Puerto Colombia,CO,2021-10-23 01:34:38,10.9878,-74.9547,80.69,77,4,7.7
276,Sorkjosen,NO,2021-10-23 01:34:38,69.8,20.9333,25.11,73,100,6.44
277,Richards Bay,ZA,2021-10-23 01:30:09,-28.783,32.0377,66.81,88,3,3.09
278,Vila Franca Do Campo,PT,2021-10-23 01:31:48,37.7167,-25.4333,70.21,84,96,6.31
279,Ipu,BR,2021-10-23 01:34:39,-4.3222,-40.7108,79.75,68,43,5.48
280,Termiz,UZ,2021-10-23 01:34:39,37.2242,67.2783,41.09,75,0,2.3
281,Maldonado,UY,2021-10-23 01:34:39,-34.6667,-54.9167,58.39,98,100,8.5
282,Khem Karan,IN,2021-10-23 01:34:40,31.1428,74.5667,71.82,44,6,10.67
283,Chandbali,IN,2021-10-23 01:34:40,20.7833,86.7667,76.39,64,6,4.94
284,Olafsvik,IS,2021-10-23 01:34:40,64.8945,-23.7142,45.34,94,100,8.75
285,Viransehir,TR,2021-10-23 01:34:41,37.2353,39.7631,62.33,24,0,6.44
286,Teguise,ES,2021-10-23 01:34:41,29.0605,-13.564,68.22,64,75,11.5
287,Oum Hadjer,TD,2021-10-23 01:34:41,13.2954,19.6966,82.58,25,30,7.65
288,Riberalta,BO,2021-10-23 01:34:42,-10.9833,-66.1,77.61,80,100,2.68
289,Ostersund,SE,2021-10-23 01:33:34,63.1792,14.6357,29.61,86,75,6.91
290,Muli,MV,2021-10-23 01:34:43,2.9167,73.5667,82.45,71,62,13.24
291,Berlevag,NO,2021-10-23 01:34:43,70.8578,29.0864,33.78,63,100,18.97
292,Maua,BR,2021-10-23 01:34:43,-23.6678,-46.4614,64.36,83,15,3.22
293,Puerto Del Rosario,ES,2021-10-23 01:34:44,28.5004,-13.8627,71.28,68,14,14.97
294,Bafq,IR,2021-10-23 01:34:44,31.6128,55.4107,53.04,34,0,2.19
295,Custoias,PT,2021-10-23 01:34:44,41.1053,-7.321,47.77,72,0,3.4
296,Walvis Bay,NA,2021-10-23 01:34:45,-22.9575,14.5053,58.08,87,0,3.44
297,Maltahohe,NA,2021-10-23 01:34:19,-24.8333,16.9833,50.02,43,0,10.11
298,Ulu-Telyak,RU,2021-10-23 01:34:45,54.9086,56.9669,46.62,91,92,11.72
299,Faya,SA,2021-10-23 01:34:46,18.3851,42.4509,55.51,36,98,6.02
300,Mirabad,AF,2021-10-23 01:34:46,30.4362,61.8383,54.01,24,0,19.15
301,Honningsvag,NO,2021-10-23 01:34:46,70.9821,25.9704,35.67,58,100,14.85
302,Greytown,ZA,2021-10-23 01:34:47,-29.0642,30.5928,54.97,88,4,1.01
303,Roseto Degli Abruzzi,IT,2021-10-23 01:34:47,42.6664,14.0227,66.67,85,100,2.64
304,Abha,SA,2021-10-23 01:34:47,18.2164,42.5053,55.22,38,0,0.0
305,Neuquen,AR,2021-10-23 01:30:22,-38.9516,-68.0591,53.49,47,0,2.3
306,Tiznit,MA,2021-10-23 01:34:48,29.5833,-9.5,60.84,70,0,0.56
307,Umm Lajj,SA,2021-10-23 01:34:48,25.0213,37.2685,77.2,58,0,10.13
308,Eyl,SO,2021-10-23 01:34:48,7.9803,49.8164,76.37,81,34,3.94
309,Abay,KZ,2021-10-23 01:34:49,49.6311,72.8539,34.18,96,100,22.68
310,Belyy Yar,RU,2021-10-23 01:34:35,53.6039,91.3903,37.29,75,0,11.18
311,Najran,SA,2021-10-23 01:34:49,17.4924,44.1277,63.25,37,94,1.05
312,Saint-Francois,FR,2021-10-23 01:29:55,46.4154,3.9054,34.68,93,90,2.3
313,Bubaque,GW,2021-10-23 01:34:49,11.2833,-15.8333,82.76,76,67,11.39
314,Camacha,PT,2021-10-23 01:34:50,33.0833,-16.3333,65.62,68,20,8.05
315,Ushtobe,KZ,2021-10-23 01:34:50,45.2514,77.9838,37.8,65,13,6.6
316,Bibiani,GH,2021-10-23 01:34:50,6.4635,-2.3194,70.29,100,87,1.97
317,Kargil,IN,2021-10-23 01:34:51,34.5667,76.1,30.22,96,100,4.83
318,Tema,GH,2021-10-23 01:34:51,5.667,-0.0166,79.21,89,20,8.05
319,Castrolibero,IT,2021-10-23 01:34:51,39.3081,16.1944,59.13,84,33,4.43
320,Camacupa,AO,2021-10-23 01:34:52,-12.0167,17.4833,63.07,91,100,3.78
321,Mazagao,BR,2021-10-23 01:34:52,-0.115,-51.2894,78.85,87,51,4.45
322,Murindo,CO,2021-10-23 01:34:53,6.9848,-76.7544,73.72,98,100,3.27
323,Thunder Bay,CA,2021-10-23 01:31:54,48.4001,-89.3168,39.99,78,75,2.3
324,Balsta,SE,2021-10-23 01:34:53,59.5671,17.5278,37.99,74,42,12.93
325,Xuddur,SO,2021-10-23 01:34:53,4.1213,43.8894,72.21,86,65,9.53
326,Kolpashevo,RU,2021-10-23 01:34:54,58.3131,82.9089,34.83,81,100,17.11
327,Eisiskes,LT,2021-10-23 01:34:54,54.1667,25.0,41.34,80,99,16.49
328,Westport,US,2021-10-23 01:33:50,41.1415,-73.3579,63.32,77,90,4.0
329,Guadix,ES,2021-10-23 01:34:55,37.2993,-3.1392,55.11,75,42,3.33
330,Pangody,RU,2021-10-23 01:34:55,65.85,74.4859,27.39,93,97,10.13
331,Ambalavao,MG,2021-10-23 01:34:55,-21.8333,46.9333,61.21,90,100,3.09
332,Bouca,CF,2021-10-23 01:34:56,6.5105,18.2733,70.21,92,94,2.39
333,Methoni,GR,2021-10-23 01:34:56,36.8197,21.7049,65.21,73,1,7.96
334,La Rochelle,FR,2021-10-23 01:34:57,46.1667,-1.15,44.67,81,0,8.05
335,Yambio,SS,2021-10-23 01:34:57,4.5721,28.3955,67.15,96,100,1.9
336,Rabat,MA,2021-10-23 01:34:57,33.9911,-6.8401,59.04,81,40,6.91
337,Garowe,SO,2021-10-23 01:34:58,8.4054,48.4845,72.91,79,19,9.04
338,Dickson,US,2021-10-23 01:34:58,36.077,-87.3878,56.34,96,90,0.0
339,Rio Grande,BR,2021-10-23 01:33:48,-32.035,-52.0986,59.95,84,9,8.41
340,Killybegs,IE,2021-10-23 01:34:59,54.6333,-8.45,50.45,79,98,17.58
341,Ardooie,BE,2021-10-23 01:34:59,50.9757,3.1974,50.77,93,25,1.99
342,Sinegorskiy,RU,2021-10-23 01:34:59,48.0139,40.8447,48.97,94,100,8.93
343,Soledade,BR,2021-10-23 01:34:59,-28.8183,-52.5103,57.31,83,0,4.47
344,Belmonte,BR,2021-10-23 01:32:00,-15.8631,-38.8828,77.5,91,100,9.33
345,Gazanjyk,TM,2021-10-23 01:35:00,39.2446,55.5154,48.07,31,0,14.67
346,Khuzdar,PK,2021-10-23 01:35:00,27.7384,66.6434,57.83,22,0,9.53
347,Conceicao Da Barra,BR,2021-10-23 01:35:00,-18.5933,-39.7322,71.64,85,93,3.96
348,Lalibela,ET,2021-10-23 01:35:01,12.0333,39.0333,52.95,71,41,7.05
349,Elat,IL,2021-10-23 01:35:02,29.5581,34.9482,69.64,73,0,13.8
350,Atar,MR,2021-10-23 01:35:03,20.5169,-13.0499,76.89,21,100,6.46
351,Isfana,KG,2021-10-23 01:35:03,39.8386,69.5306,30.76,58,31,7.09
352,Havoysund,NO,2021-10-23 01:35:04,70.9963,24.6622,32.88,60,100,11.74
353,Les Escoumins,CA,2021-10-23 01:35:04,48.1111,-69.0236,42.15,89,100,8.97
354,Inta,RU,2021-10-23 01:35:05,66.0317,60.1659,31.48,98,100,6.53
355,Olinda,BR,2021-10-23 01:35:05,-8.0089,-34.8553,80.33,78,75,6.91
356,Khartoum,SD,2021-10-23 01:35:05,15.5518,32.5324,88.02,25,71,9.37
357,Codrington,AU,2021-10-23 01:35:05,-38.2667,141.9667,56.79,76,62,14.47
358,Murud,IN,2021-10-23 01:35:06,18.3258,72.965,74.82,82,77,4.85
359,Inhambane,MZ,2021-10-23 01:35:06,-23.865,35.3833,71.38,70,0,12.84
360,Staunton,US,2021-10-23 01:32:39,38.1496,-79.0717,58.12,66,1,0.0
361,Verkhnyaya Toyma,RU,2021-10-23 01:35:07,62.2349,44.9985,38.91,97,100,9.84
362,Moose Factory,CA,2021-10-23 01:35:07,51.2585,-80.6094,35.6,87,90,9.22
363,Ouesso,CG,2021-10-23 01:33:13,1.6136,16.0517,69.42,99,85,0.31
364,Necochea,AR,2021-10-23 01:35:08,-38.5473,-58.7368,52.03,91,100,4.47
365,Chabahar,IR,2021-10-23 01:35:08,25.2919,60.643,77.59,77,0,8.05
366,Naples,IT,2021-10-23 01:31:57,40.8333,14.25,68.65,87,0,2.3
367,Bereznehuvate,UA,2021-10-23 01:35:09,47.3078,32.8499,54.23,77,98,3.91
368,Strezhevoy,RU,2021-10-23 01:35:09,60.7333,77.5889,33.78,97,100,14.32
369,Betioky,MG,2021-10-23 01:35:09,-23.7167,44.3833,64.58,76,96,2.98
370,Clonakilty,IE,2021-10-23 01:35:10,51.6231,-8.8706,51.1,84,100,20.62
371,Waw,SS,2021-10-23 01:35:10,7.7029,27.9953,71.73,91,100,2.77
372,Shumikha,RU,2021-10-23 01:35:10,55.2261,63.2961,44.35,85,74,15.12
373,Brigantine,US,2021-10-23 01:35:11,39.4101,-74.3646,62.01,77,40,3.44
374,Carahue,CL,2021-10-23 01:35:11,-38.7,-73.1667,48.4,78,71,5.21
375,Mala,PE,2021-10-23 01:35:11,-12.6581,-76.6308,63.0,84,31,7.29
376,Sangolqui,EC,2021-10-23 01:35:12,-0.3341,-78.4522,55.35,93,99,0.74
377,Mattawa,US,2021-10-23 01:35:12,46.7379,-119.9028,57.72,64,97,6.42
378,Shymkent,KZ,2021-10-23 01:35:12,42.3,69.6,36.19,81,40,4.47
379,Harper,LR,2021-10-23 01:35:13,4.375,-7.7169,76.5,89,81,7.34
380,Maun,BW,2021-10-23 01:35:13,-19.9833,23.4167,67.96,77,0,1.14
381,Sao Felix Do Xingu,BR,2021-10-23 01:34:18,-6.6447,-51.995,72.84,99,100,0.81
382,Weligama,LK,2021-10-23 01:35:14,5.9667,80.4167,80.58,74,98,5.55
383,Guaruja,BR,2021-10-23 01:35:14,-23.9931,-46.2564,73.17,26,5,4.18
384,Ongandjera,NA,2021-10-23 01:35:14,-17.8833,15.0667,60.67,28,8,8.12
385,Shemordan,RU,2021-10-23 01:35:15,56.1856,50.3972,43.32,85,41,15.75
386,Parabel,RU,2021-10-23 01:35:15,58.6978,81.4825,34.68,96,100,15.03
387,Venado Tuerto,AR,2021-10-23 01:35:15,-33.7456,-61.9688,56.79,93,100,14.09
388,Mahon,ES,2021-10-23 01:35:16,39.8885,4.2658,64.96,63,40,21.85
389,Keti Bandar,PK,2021-10-23 01:35:16,24.1447,67.4497,80.01,67,0,20.74
390,Cacu,BR,2021-10-23 01:35:17,-18.5567,-51.1308,75.13,53,0,3.83
391,Port Hawkesbury,CA,2021-10-23 01:35:17,45.6169,-61.3485,65.59,92,75,1.99
392,Aktash,RU,2021-10-23 01:35:17,50.3,87.7333,24.96,88,99,3.33
393,Hovin,NO,2021-10-23 01:35:18,63.1055,10.225,39.83,89,100,12.46
394,Bonavista,CA,2021-10-23 01:34:45,48.6499,-53.1147,53.11,81,100,6.53
395,Akniste,LV,2021-10-23 01:35:18,56.1615,25.7478,38.97,90,49,10.78
396,Talnakh,RU,2021-10-23 01:35:18,69.4865,88.3972,25.7,97,100,9.06
397,Teguldet,RU,2021-10-23 01:35:19,57.3064,88.1667,36.68,61,99,13.67
398,Mehamn,NO,2021-10-23 01:35:19,71.0357,27.8492,32.86,66,100,14.58
399,Zaterechnyy,RU,2021-10-23 01:35:20,44.7931,45.2097,49.89,65,0,3.04
400,Solton,RU,2021-10-23 01:35:20,52.8429,86.4787,33.39,86,75,5.06
401,Kemijarvi,FI,2021-10-23 01:35:20,66.7131,27.4306,23.11,91,90,7.85
402,Gamboma,CG,2021-10-23 01:35:21,-1.8764,15.8644,70.88,96,98,3.87
403,Kamenka,RU,2021-10-23 01:35:21,51.3223,42.7678,50.11,71,100,9.6
404,Jiwani,PK,2021-10-23 01:35:21,25.05,61.7417,77.7,80,0,8.9
405,Andenes,NO,2021-10-23 01:33:50,69.3143,16.1194,30.18,59,75,8.05
406,Trogir,HR,2021-10-23 01:35:22,43.5125,16.2517,62.8,88,100,3.44
407,Ypsilanti,US,2021-10-23 01:32:14,42.2412,-83.613,47.44,82,1,0.0
408,Batticaloa,LK,2021-10-23 01:35:19,7.7102,81.6924,79.93,81,8,6.89
409,Treinta Y Tres,UY,2021-10-23 01:35:23,-33.2333,-54.3833,57.94,64,100,7.43
410,Rio Gallegos,AR,2021-10-23 01:35:23,-51.6226,-69.2181,41.05,65,40,23.02
411,Shihezi,CN,2021-10-23 01:35:23,44.3,86.0333,42.51,69,100,11.68
412,Tabuk,PH,2021-10-23 01:35:24,17.4189,121.4443,82.51,71,24,4.41
413,Trincomalee,LK,2021-10-23 01:35:24,8.5711,81.2335,79.79,83,20,5.48
414,Krasnovishersk,RU,2021-10-23 01:35:25,60.4078,57.082,41.68,94,97,6.55
415,Poopo,BO,2021-10-23 01:35:25,-18.3667,-66.9667,51.78,19,70,8.5
416,Sistranda,NO,2021-10-23 01:33:06,63.7256,8.834,44.91,63,99,23.69
417,Ormara,PK,2021-10-23 01:35:25,25.2088,64.6357,77.32,27,0,13.69
418,Manicore,BR,2021-10-23 01:35:26,-5.8092,-61.3003,77.97,69,20,1.63
419,Mana,GF,2021-10-23 01:35:26,5.6592,-53.7767,77.83,89,96,11.05
420,San Juan,AR,2021-10-23 01:32:22,-31.5375,-68.5364,65.26,40,0,17.74
421,Tingi,TZ,2021-10-23 01:35:26,-11.3,35.0333,64.98,70,8,4.88
422,Cabedelo,BR,2021-10-23 01:35:27,-6.9811,-34.8339,79.47,77,23,10.58
423,Borujerd,IR,2021-10-23 01:32:09,33.8973,48.7516,44.58,62,0,1.72
424,Hurghada,EG,2021-10-23 01:32:43,27.2574,33.8129,71.64,56,0,11.5
425,Onega,RU,2021-10-23 01:35:27,63.9061,38.1404,31.98,89,100,13.58
426,Boende,CD,2021-10-23 01:35:28,-0.2167,20.8667,68.56,95,98,1.68
427,Gat,IL,2021-10-23 01:33:01,31.61,34.7642,68.4,68,0,4.03
428,Kalmunai,LK,2021-10-23 01:35:28,7.4167,81.8167,80.47,78,24,5.3
429,San Carlos De Bariloche,AR,2021-10-23 01:34:00,-41.1456,-71.3082,44.35,61,40,23.02
430,Kashan,IR,2021-10-23 01:31:17,33.9831,51.4364,55.27,36,0,1.23
431,Platanos,GR,2021-10-23 01:35:29,37.6667,21.6167,63.09,86,2,3.42
432,Abu Samrah,SY,2021-10-23 01:35:29,35.3029,37.1841,62.71,48,0,1.86
433,Kangavar,IR,2021-10-23 01:35:29,34.5043,47.9653,45.63,59,0,1.88
434,Mumbwa,ZM,2021-10-23 01:35:30,-14.9783,27.0619,69.46,50,13,3.65
435,Camocim,BR,2021-10-23 01:35:30,-2.9022,-40.8411,79.16,83,100,8.14
436,Mundra,IN,2021-10-23 01:35:30,22.85,69.7333,79.16,64,86,12.26
437,Shubarkuduk,KZ,2021-10-23 01:35:31,49.1447,56.4872,48.09,95,20,14.61
438,Sur,OM,2021-10-23 01:35:31,22.5667,59.5289,80.53,63,0,4.63
439,Madaoua,NE,2021-10-23 01:34:31,14.073,5.96,86.43,38,97,12.33
440,Paris,FR,2021-10-23 01:34:56,48.8534,2.3488,49.77,90,0,6.91
441,Kismayo,SO,2021-10-23 01:35:32,-0.3582,42.5454,77.49,81,15,11.05
442,Coruripe,BR,2021-10-23 01:35:32,-10.1256,-36.1756,77.27,87,1,10.71
443,Cockburn Town,TC,2021-10-23 01:35:32,21.4612,-71.1419,83.46,75,96,19.06
444,Marzuq,YE,2021-10-23 01:35:33,14.4,46.4667,69.82,62,7,2.64
445,Valparaiso,CL,2021-10-23 01:31:34,-33.0393,-71.6273,53.24,58,0,4.61
446,Maubeuge,FR,2021-10-23 01:35:33,50.2788,3.9727,46.89,84,100,3.71
447,Punta De Piedra,VE,2021-10-23 01:35:33,7.6176,-71.4916,73.81,88,42,3.69
448,Norilsk,RU,2021-10-23 01:35:34,69.3535,88.2027,24.96,96,100,7.58
449,Aswan,EG,2021-10-23 01:30:43,24.0934,32.907,69.1,37,0,9.22
450,Puerto Maldonado,PE,2021-10-23 01:35:35,-12.6,-69.1833,81.1,63,9,3.04
451,Bilma,NE,2021-10-23 01:35:35,18.6853,12.9164,79.14,19,1,8.08
452,Freeport,US,2021-10-23 01:32:29,40.6576,-73.5832,63.52,67,78,1.99
453,Brae,GB,2021-10-23 01:35:35,60.3964,-1.353,44.51,68,94,6.51
454,Rawson,AR,2021-10-23 01:35:36,-43.3002,-65.1023,55.49,39,14,25.3
455,Rapar,IN,2021-10-23 01:35:36,23.5667,70.6333,74.73,74,4,8.43
456,Krutinka,RU,2021-10-23 01:35:36,56.0055,71.5113,44.31,84,100,23.22
457,Gao,ML,2021-10-23 01:35:37,16.6362,1.637,90.0,22,83,7.43
458,Naryan-Mar,RU,2021-10-23 01:35:37,67.6713,53.087,25.12,94,34,7.56
459,Nchelenge,ZM,2021-10-23 01:35:37,-9.3451,28.734,75.25,72,100,7.65
460,Virginia Beach,US,2021-10-23 01:31:44,36.8529,-75.978,66.24,92,75,4.61
461,Nouakchott,MR,2021-10-23 01:35:38,18.0858,-15.9785,76.93,50,100,12.5
462,Copiapo,CL,2021-10-23 01:35:01,-27.3667,-70.3333,53.29,70,45,1.88
463,Nouadhibou,MR,2021-10-23 01:35:38,20.931,-17.0347,71.58,73,73,14.97
464,Villazon,BO,2021-10-23 01:35:39,-22.0866,-65.5942,54.86,10,2,11.07
465,Maiduguri,NG,2021-10-23 01:35:39,11.8464,13.1603,80.19,55,36,3.4
466,Marsa Matruh,EG,2021-10-23 01:35:39,31.3525,27.2453,64.6,63,40,2.3
467,Conde,BR,2021-10-23 01:35:40,-7.2597,-34.9075,78.26,83,40,6.91
468,Harqalah,TN,2021-10-23 01:35:40,36.0303,10.509,69.66,94,20,4.61
469,Isla Mujeres,MX,2021-10-23 01:35:41,21.2311,-86.731,78.85,78,76,11.74
470,Taoudenni,ML,2021-10-23 01:35:41,22.6783,-3.9836,77.29,28,0,6.55
471,Riohacha,CO,2021-10-23 01:35:37,11.5444,-72.9072,81.27,77,10,13.15
472,Ghiror,IN,2021-10-23 01:35:41,27.1833,78.8,72.95,63,0,4.23
473,Chengam,IN,2021-10-23 01:35:42,12.3,78.8,77.07,87,88,1.39
474,Requena,ES,2021-10-23 01:35:42,39.4883,-1.1004,52.79,88,4,3.69
475,Antalaha,MG,2021-10-23 01:35:42,-14.9003,50.2788,71.82,94,17,3.51
476,Miranda,CO,2021-10-23 01:35:43,3.2499,-76.2281,68.13,95,96,2.57
477,Novoagansk,RU,2021-10-23 01:35:43,61.9449,76.6625,33.31,94,100,14.05
478,Nata,PA,2021-10-23 01:35:43,8.3333,-80.5167,76.87,93,88,4.16
479,Oxelosund,SE,2021-10-23 01:35:43,58.6706,17.1015,41.38,70,75,9.22
480,Fasa,IR,2021-10-23 01:35:44,28.9383,53.6482,52.84,43,0,4.61
481,Bathsheba,BB,2021-10-23 01:34:15,13.2167,-59.5167,83.01,69,20,24.16
482,Chiredzi,ZW,2021-10-23 01:35:44,-21.05,31.6667,72.66,56,5,5.32
483,Ikwiriri,TZ,2021-10-23 01:35:45,-7.9562,38.9716,70.02,97,73,1.41
484,Senneterre,CA,2021-10-23 01:35:45,48.3835,-77.2328,32.22,83,73,3.18
485,Guhagar,IN,2021-10-23 01:35:45,17.4842,73.1929,74.82,78,29,4.03
486,Marijampole,LT,2021-10-23 01:35:46,54.5667,23.35,41.07,79,61,18.45
487,Jalingo,NG,2021-10-23 01:35:46,8.8833,11.3667,74.71,92,100,3.31
488,Chicama,PE,2021-10-23 01:35:46,-7.8447,-79.1469,59.54,84,97,5.91
489,Tirano,IT,2021-10-23 01:34:44,46.2154,10.1679,51.4,99,0,6.51
490,Sorland,NO,2021-10-23 01:35:47,67.667,12.6934,40.84,52,100,4.41
491,Zaria,NG,2021-10-23 01:35:01,11.1113,7.7227,72.48,80,99,3.51
492,Upington,ZA,2021-10-23 01:35:47,-28.4478,21.2561,57.58,82,0,6.91
493,Boddam,GB,2021-10-23 01:35:48,57.4667,-1.7833,42.39,67,100,11.5
494,Kavaratti,IN,2021-10-23 01:35:48,10.5669,72.642,81.82,75,37,4.12
495,Vawkavysk,BY,2021-10-23 01:35:48,53.1561,24.4513,41.58,83,54,17.56
496,Dangriga,BZ,2021-10-23 01:35:49,16.9692,-88.2321,80.98,79,100,5.7
497,Gorodets,RU,2021-10-23 01:35:49,56.6514,43.475,42.48,75,76,14.36
498,Mahibadhoo,MV,2021-10-23 01:35:49,3.7833,72.9667,82.26,70,47,13.67
499,Santa Cruz Del Sur,CU,2021-10-23 01:35:50,20.7147,-77.9956,80.6,79,77,7.47
500,Osakarovka,KZ,2021-10-23 01:35:50,50.565,72.5692,34.41,94,100,24.4
501,Payyannur,IN,2021-10-23 01:35:51,12.1,75.2,77.05,92,100,4.79
502,Birin,NP,2021-10-23 01:32:42,26.8865,88.0718,59.05,90,67,0.69
503,Glace Bay,CA,2021-10-23 01:35:51,46.1969,-59.957,64.04,93,75,4.0
504,Synya,RU,2021-10-23 01:35:51,65.3718,58.0387,34.11,98,100,8.97
505,Angra Dos Reis,BR,2021-10-23 01:32:22,-23.0067,-44.3181,67.96,87,29,2.33
506,Ibra,OM,2021-10-23 01:35:52,22.6906,58.5334,73.35,62,1,1.07
507,Leticia,CO,2021-10-23 01:34:17,-4.2153,-69.9406,78.85,89,40,4.61
508,Nyuksenitsa,RU,2021-10-23 01:35:52,60.4128,44.2397,40.53,74,100,12.77
509,Verkhniy Baskunchak,RU,2021-10-23 01:35:53,48.2256,46.7217,50.34,58,2,9.15
510,Tutoia,BR,2021-10-23 01:35:53,-2.7619,-42.2744,79.52,85,91,9.37
511,Benguela,AO,2021-10-23 01:35:53,-12.5763,13.4055,74.3,75,99,2.59
512,Iralaya,HN,2021-10-23 01:35:54,15.0,-83.2333,80.17,84,100,7.78
513,Mahanoro,MG,2021-10-23 01:35:54,-19.9,48.8,70.54,88,39,4.07
514,Kefar Shemaryahu,IL,2021-10-23 01:35:55,32.1856,34.8219,69.49,83,0,8.3
515,Vavuniya,LK,2021-10-23 01:35:55,8.7514,80.4971,77.32,89,54,2.62
516,Thyboron,DK,2021-10-23 01:35:55,56.6985,8.2124,48.97,63,6,32.3
517,Duki,PK,2021-10-23 01:35:56,30.1541,68.5728,61.23,22,0,9.06
518,Machico,PT,2021-10-23 01:35:56,32.7,-16.7667,69.08,79,20,12.66
519,Lafia,NG,2021-10-23 01:35:56,8.4833,8.5167,72.61,97,100,1.74
520,Jaque,PA,2021-10-23 01:35:57,7.5175,-78.1703,78.19,86,100,2.51
521,Gisors,FR,2021-10-23 01:35:57,49.2818,1.7801,50.99,85,100,5.06
522,Santana Do Livramento,BR,2021-10-23 01:35:57,-30.8908,-55.5328,58.21,81,30,5.61
523,Sevierville,US,2021-10-23 01:35:48,35.8681,-83.5618,57.15,78,90,0.0
524,Sao Jose Da Coroa Grande,BR,2021-10-23 01:35:58,-8.8978,-35.1478,77.67,85,12,7.54
525,Lannion,FR,2021-10-23 01:35:58,48.75,-3.4167,44.42,93,20,4.61
526,Mananara,MG,2021-10-23 01:35:59,-16.1667,49.7667,72.64,95,39,2.21
527,Ayagoz,KZ,2021-10-23 01:35:59,47.9714,80.4392,29.37,66,32,9.31
528,Oksfjord,NO,2021-10-23 01:35:59,70.2396,22.3479,32.92,91,100,3.49
529,Brockville,CA,2021-10-23 01:36:00,44.5834,-75.6826,42.73,86,92,3.87
530,Maragogi,BR,2021-10-23 01:32:53,-9.0122,-35.2225,77.34,85,7,7.07
531,Thinadhoo,MV,2021-10-23 01:36:00,0.5333,72.9333,83.21,68,42,13.22
532,Novyy Urengoy,RU,2021-10-23 01:36:00,66.0833,76.6333,28.0,92,100,9.1
533,Catole Do Rocha,BR,2021-10-23 01:36:01,-6.3439,-37.7467,77.83,74,88,8.39
534,Mormugao,IN,2021-10-23 01:36:01,15.4,73.8,78.06,94,75,2.3
535,Sehithwa,BW,2021-10-23 01:36:02,-20.4667,22.7167,73.98,25,39,6.04
536,Tefe,BR,2021-10-23 01:36:02,-3.3542,-64.7114,75.02,83,11,0.47
537,Nanyuki,KE,2021-10-23 01:36:02,0.0167,37.0728,56.21,86,26,3.89
538,Roald,NO,2021-10-23 01:33:15,62.5833,6.1333,44.74,65,40,8.05
539,Kaka,TM,2021-10-23 01:36:03,37.3482,59.6143,45.88,33,0,8.37
540,Manica,FR,2021-10-23 01:36:03,49.0,-1.1667,49.41,76,100,1.83
541,Alindao,CF,2021-10-23 01:36:03,5.0267,21.2088,70.32,96,71,1.07
542,Remedios,CU,2021-10-23 01:36:04,22.4947,-79.5458,74.32,83,100,3.8
543,Chateau-Thierry,FR,2021-10-23 01:36:04,49.05,3.4,49.14,77,100,2.42
544,Sussex,US,2021-10-23 01:36:05,41.1834,-74.6663,57.29,74,40,0.0
545,Barra,BR,2021-10-23 01:36:05,-11.0894,-43.1417,78.24,67,92,4.76
546,Lovozero,RU,2021-10-23 01:36:05,68.005,35.0117,21.47,85,98,7.4
547,Divnomorskoye,RU,2021-10-23 01:36:06,44.5011,38.1353,58.6,78,0,7.16
548,Karachi,PK,2021-10-23 01:36:06,24.9056,67.0822,78.62,78,40,11.5
549,Vuktyl,RU,2021-10-23 01:36:07,63.8567,57.3094,37.96,86,100,13.65
